disease,disease_mesh,symptom,symptom_mesh
<Abscess>,D000038,<Erythema>,D004890
<Achondroplasia>,D000130,<Macrocephaly>,D058627
<Acne>,D000152,<Scar>,D002921
<Acrocallosal_syndrome>,D055673,<Psychomotor_retardation>,D011596
<Acrocallosal_syndrome>,D055673,<Polydactyly>,D017689
<Acute_bronchitis>,D001991,<Cough>,D003371
<Acute_bronchitis>,D001991,<Fever>,D005334
<Acute_bronchitis>,D001991,<Shortness_of_breath>,D004417
<Acute_liver_failure>,D017114,<Jaundice>,D007565
<Acute_liver_failure>,D017114,<Hypotension>,D007022
<Acute_liver_failure>,D017114,<Bleeding_diathesis>,D006474
<Acute_lymphoblastic_leukemia>,D054198,<Lymphadenopathy>,D008206
<Acute_lymphoblastic_leukemia>,D054198,<Fever>,D005334
<Acute_myeloid_leukemia>,D015470,<Bruise>,D003288
<Acute_myeloid_leukemia>,D015470,<Infection>,D003141
<Acute_myeloid_leukemia>,D015470,<Bleeding>,D006470
<Acute_myeloid_leukemia>,D015470,<Shortness_of_breath>,D004417
<Acute_myeloid_leukemia>,D015470,<Fatigue>,D005221
<Acute_radiation_syndrome>,D011832,<Vomiting>,D014839
<Acute_radiation_syndrome>,D011832,<Anorexia_(symptom)>,D000855
<Acute_respiratory_distress_syndrome>,D012128,<Chest_pain>,D002637
<Acute_respiratory_distress_syndrome>,D012128,<Cyanosis>,D003490
<Acute_respiratory_distress_syndrome>,D012128,<Shortness_of_breath>,D004417
<Adenovirus_infection>,D000257,<Conjunctivitis>,D003231
<Adenovirus_infection>,D000257,<Vomiting>,D014839
<Adenovirus_infection>,D000257,<Gastroenteritis>,D005759
<Adenovirus_infection>,D000257,<Urinary_tract_infection>,D014552
<Adenovirus_infection>,D000257,<Rhinitis>,D012220
<Adenovirus_infection>,D000257,<Abdominal_pain>,D015746
<Adenovirus_infection>,D000257,<Tonsillitis>,D014069
<Adenovirus_infection>,D000257,<Lymphadenopathy>,D008206
<Adenovirus_infection>,D000257,<Chills>,D023341
<Adenovirus_infection>,D000257,<Myalgia>,D063806
<Adenovirus_infection>,D000257,<Cough>,D003371
<Adenovirus_infection>,D000257,<Headache>,D006261
<Adenovirus_infection>,D000257,<Fever>,D005334
<Adenovirus_infection>,D000257,<Pharyngitis>,D010612
<Adenovirus_infection>,D000257,<Photophobia>,D020795
<Adenovirus_infection>,D000257,<Fatigue>,D005221
<Adenylosuccinate_lyase_deficiency>,C538235,<Microcephaly>,D008831
<African_trypanosomiasis>,D014353,<Confusion>,D003221
<African_trypanosomiasis>,D014353,<Arthralgia>,D018771
<African_trypanosomiasis>,D014353,<Insomnia>,D007319
<African_trypanosomiasis>,D014353,<Ataxia>,D001259
<Agoraphobia>,D000379,<Anxiety>,D001007
<Agoraphobia>,D000379,<Panic_attack>,D016584
<Air_embolism>,D004618,<Vertigo>,D014717
<Air_embolism>,D004618,<Dizziness>,D004244
<Air_embolism>,D004618,<Hypotension>,D007022
<Air_embolism>,D004618,<Headache>,D006261
<Akathisia>,D011595,<Psychomotor_agitation>,D011595
<Alcohol_abuse>,D000437,<Insomnia>,D007319
<Alcohol_abuse>,D000437,<Fatigue>,D005221
<Alcohol_intoxication>,D000435,<Vomiting>,D014839
<Alcohol_intoxication>,D000435,<Coma>,D003128
<Alcohol_intoxication>,D000435,<Ataxia>,D001259
<Alcohol_intoxication>,D000435,<Hypoventilation>,D007040
<Alcohol_intoxication>,D000435,<Dysarthria>,D004401
<Allergy>,D006967,<Allergic_conjunctivitis>,D003233
<Allergy>,D006967,<Cough>,D003371
<Allergy>,D006967,<Edema>,D004487
<Allergy>,D006967,<Shortness_of_breath>,D004417
<Alopecia_areata>,D000506,<Hair_loss>,D000505
<Alpha-1_antitrypsin_deficiency>,D019896,<Jaundice>,D007565
<Alpha-1_antitrypsin_deficiency>,D019896,<Shortness_of_breath>,D004417
<Alpha-thalassemia>,D017085,<Jaundice>,D007565
<Altitude_sickness>,D000532,<Dizziness>,D004244
<Altitude_sickness>,D000532,<Vomiting>,D014839
<Altitude_sickness>,D000532,<Insomnia>,D007319
<Altitude_sickness>,D000532,<Headache>,D006261
<Altitude_sickness>,D000532,<Fatigue>,D005221
<Alzheimer's_disease>,,<Amnesia>,D000647
<Alzheimer's_disease>,D000544,<Amnesia>,D000647
<Alzheimer's_disease>,,<Primary_progressive_aphasia>,D018888
<Alzheimer's_disease>,D000544,<Primary_progressive_aphasia>,D018888
<Amoebiasis>,D000562,<Abdominal_pain>,D015746
<Amoebiasis>,D000562,<Dysentery>,D004403
<Amyotrophic_lateral_sclerosis>,D000690,<Respiratory_failure>,D012131
<Amyotrophic_lateral_sclerosis>,D000690,<Fasciculation>,D005207
<Amyotrophic_lateral_sclerosis>,D000690,<Shortness_of_breath>,D004417
<Amyotrophic_lateral_sclerosis>,D000690,<Spasticity>,D009128
<Amyotrophic_lateral_sclerosis>,D000690,<Dysarthria>,D004401
<Amyotrophic_lateral_sclerosis>,D000690,<Dysphagia>,D003680
<Anaphylaxis>,D000707,<Hypotension>,D007022
<Anaphylaxis>,D000707,<Shortness_of_breath>,D004417
<Andersen–Tawil_syndrome>,D050030,<Arrhythmia>,D001145
<Anemia>,D000740,<Weakness>,D018908
<Anemia>,D000740,<Lightheadedness>,D013575
<Anemia>,D000740,<Shortness_of_breath>,D004417
<Anemia>,D000740,<Pallor>,D010167
<Anemia>,D000740,<Fatigue>,D005221
<Angelman_syndrome>,D017204,<Intellectual_disability>,D008607
<Angelman_syndrome>,D017204,<Microcephaly>,D008831
<Angular_cheilitis>,D002613,<Erythema>,D004890
<Ankylosing_spondylitis>,D013167,<Back_pain>,D001416
<Anorexia_nervosa>,D000856,<Underweight>,D013851
<Anthrax>,D000881,<Abscess>,D000038
<Anthrax>,D000881,<Shortness_of_breath>,D004417
<Anxiety_disorder>,D001008,<Tachycardia>,D013610
<Aphthous_stomatitis>,D013281,<Lymphadenopathy>,D008206
<Aphthous_stomatitis>,D013281,<Fever>,D005334
<Aplastic_anemia>,D000741,<Dizziness>,D004244
<Aplastic_anemia>,D000741,<Tachycardia>,D013610
<Aplastic_anemia>,D000741,<Rash>,D005076
<Aplastic_anemia>,D000741,<Infection>,D003141
<Aplastic_anemia>,D000741,<Headache>,D006261
<Aplastic_anemia>,D000741,<Pallor>,D010167
<Aplastic_anemia>,D000741,<Fatigue>,D005221
<Appendix_cancer>,D001063,<Anorexia_(symptom)>,D000855
<Appendix_cancer>,D001063,<Shortness_of_breath>,D004417
<Aquagenic_urticaria>,C562481,<Hives>,D014581
<Arrhythmia>,D001145,<Syncope_(medicine)>,D013575
<Arrhythmia>,D001145,<Chest_pain>,D002637
<Arrhythmia>,D001145,<Lightheadedness>,D013575
<Arrhythmia>,D001145,<Shortness_of_breath>,D004417
<Arsenic_poisoning>,D020261,<Hyperpigmentation>,D017495
<Arsenic_poisoning>,D020261,<Vomiting>,D014839
<Arsenic_poisoning>,D020261,<Abdominal_pain>,D015746
<Arsenic_poisoning>,D020261,<Cancer>,D009369
<Arsenic_poisoning>,D020261,<Diarrhea>,D003967
<Arthritis>,D001168,<Arthralgia>,D018771
<Ascariasis>,D001196,<Diarrhea>,D003967
<Ascariasis>,D001196,<Shortness_of_breath>,D004417
<Ascites>,D001201,<Shortness_of_breath>,D004417
<Aspiration_pneumonia>,D011015,<Cough>,D003371
<Aspiration_pneumonia>,D011015,<Fever>,D005334
<Athlete's_foot>,D014008,<Itch>,D011537
<Atransferrinemia>,C538259,<Anemia>,D000740
<Atrial_fibrillation>,D001281,<Syncope_(medicine)>,D013575
<Atrial_fibrillation>,D001281,<Angina>,D000787
<Atrial_fibrillation>,D001281,<Shortness_of_breath>,D004417
<Autoimmune_disease>,D001327,<Fever>,D005334
<Autoimmune_disease>,D001327,<Fatigue>,D005221
<Autoimmune_hepatitis>,D019693,<Nausea>,D009325
<Autoimmune_hepatitis>,D019693,<Rash>,D005076
<Autoimmune_hepatitis>,D019693,<Anorexia_nervosa>,D000856
<Autoimmune_hepatitis>,D019693,<Arthralgia>,D018771
<Autoimmune_hepatitis>,D019693,<Jaundice>,D007565
<Autoimmune_hepatitis>,D019693,<Fatigue>,D005221
<Autoimmune_polyendocrine_syndrome_type_1>,D016884,<Chronic_mucocutaneous_candidiasis>,D002178
<Autosomal_recessive_polycystic_kidney_disease>,D017044,<Polyuria>,D011141
<Avascular_necrosis>,D010020,<Arthralgia>,D018771
<Babesiosis>,D001404,<Chills>,D023341
<Babesiosis>,D001404,<Fever>,D005334
<Bacterial_vaginosis>,D016585,<Vaginal_discharge>,D019522
<Bacterial_vaginosis>,D016585,<Dysuria>,D053159
<Bannayan–Riley–Ruvalcaba_syndrome>,D006223,<Macrocephaly>,D058627
<Basal-cell_carcinoma>,D002280,<Telangiectasia>,D013684
<Bed_bug>,D001511,<Blister>,D001768
<Bed_bug>,D001511,<Itch>,D011537
<Behçet's_disease>,D001528,<Arthritis>,D001168
<Behçet's_disease>,D001528,<Aphthous_stomatitis>,D013281
<Behçet's_disease>,D001528,<Fatigue>,D005221
<Benign_paroxysmal_positional_vertigo>,D014717,<Vertigo>,D014717
<Benign_prostatic_hyperplasia>,D011470,<Urinary_retention>,D016055
<Benign_prostatic_hyperplasia>,D011470,<Urinary_incontinence>,D014549
<Beta-mannosidosis>,D044905,<Hearing_loss>,D034381
<Bile_acid_malabsorption>,C567652,<Diarrhea>,D003967
<Biphenotypic_acute_leukaemia>,D015456,<Anemia>,D000740
<Biphenotypic_acute_leukaemia>,D015456,<Lymphadenopathy>,D008206
<Bipolar_disorder>,D001714,<Depression_(mood)>,D003863
<Bird_fancier's_lung>,D001716,<Anorexia_nervosa>,D000856
<Bird_fancier's_lung>,D001716,<Chest_pain>,D002637
<Bird_fancier's_lung>,D001716,<Cough>,D003371
<Bird_fancier's_lung>,D001716,<Fever>,D005334
<Bird_fancier's_lung>,D001716,<Shortness_of_breath>,D004417
<Bird_fancier's_lung>,D001716,<Fatigue>,D005221
<Birth_defect>,D009358,<Developmental_disability>,D002658
<Birth_defect>,D009358,<Intellectual_disability>,D008607
<Bladder_cancer>,D001749,<Dysuria>,D053159
<Bladder_cancer>,D001749,<Hematuria>,D006417
<Bladder_stone>,D001744,<Pain>,D010146
<Bone_tumor>,D001859,<Nausea>,D009325
<Bone_tumor>,D001859,<Anemia>,D000740
<Bone_tumor>,D001859,<Pain>,D010146
<Bone_tumor>,D001859,<Fever>,D005334
<Bone_tumor>,D001859,<Fatigue>,D005221
<Borderline_personality_disorder>,D001883,<Self-harm>,D016728
<Bornholm_disease>,D011000,<Fever>,D005334
<Botulism>,D001906,<Fatigue>,D005221
<Bowel_obstruction>,D007415,<Vomiting>,D014839
<Bowel_obstruction>,D007415,<Abdominal_pain>,D015746
<Bowel_obstruction>,D007415,<Flatulence>,D005414
<Brain_tumor>,D001932,<Vomiting>,D014839
<Brain_tumor>,D001932,<Seizure>,D012640
<Brain_tumor>,D001932,<Headache>,D006261
<Bronchiectasis>,D001987,<Chest_pain>,D002637
<Bronchiectasis>,D001987,<Shortness_of_breath>,D004417
<Bronchiolitis>,D001988,<Cough>,D003371
<Bronchiolitis>,D001988,<Fever>,D005334
<Bronchiolitis_obliterans>,D001989,<Shortness_of_breath>,D004417
<Bronchiolitis_obliterans>,D001989,<Fatigue>,D005221
<Bronchitis>,,<Cough>,D003371
<Bronchitis>,D001991,<Cough>,D003371
<Bronchitis>,,<Shortness_of_breath>,D004417
<Bronchitis>,D001991,<Shortness_of_breath>,D004417
<Brucellosis>,D002006,<Arthralgia>,D018771
<Brucellosis>,D002006,<Fever>,D005334
<Brugada_syndrome>,D053840,<Syncope_(medicine)>,D013575
<Brugada_syndrome>,D053840,<Cardiac_arrest>,D006323
<Bulbar_palsy>,D010244,<Drooling>,D012798
<Bulbar_palsy>,D010244,<Dysarthria>,D004401
<Bulbar_palsy>,D010244,<Dysphagia>,D003680
<Bulbar_palsy>,D010244,<Muscle_atrophy>,D009133
<Burn>,D002056,<Pain>,D010146
<Burn>,D002056,<Blister>,D001768
<Buruli_ulcer>,D054312,<Ulcer_(dermatology)>,D012883
<Buschke–Ollendorff_syndrome>,C537415,<Osteopoikilosis>,D010023
<Calcium_channel_blocker_toxicity>,D062787,<Vomiting>,D014839
<Calcium_channel_blocker_toxicity>,D062787,<Bradycardia>,D001919
<Calcium_channel_blocker_toxicity>,D062787,<Hypotension>,D007022
<Campylobacteriosis>,D002169,<Abdominal_pain>,D015746
<Campylobacteriosis>,D002169,<Diarrhea>,D003967
<Campylobacteriosis>,D002169,<Fever>,D005334
<Capillary_leak_syndrome>,D019559,<Compartment_syndrome>,D003161
<Capillary_leak_syndrome>,D019559,<Hypotension>,D007022
<Capillary_leak_syndrome>,D019559,<Hypoalbuminemia>,D034141
<Capillary_leak_syndrome>,D019559,<Edema>,D004487
<Carbon_monoxide_poisoning>,D002249,<Confusion>,D003221
<Carbon_monoxide_poisoning>,D002249,<Dizziness>,D004244
<Carbon_monoxide_poisoning>,D002249,<Chest_pain>,D002637
<Carbon_monoxide_poisoning>,D002249,<Headache>,D006261
<Cardiac_tamponade>,D002305,<Lightheadedness>,D013575
<Cardiac_tamponade>,D002305,<Shortness_of_breath>,D004417
<Cardiogenic_shock>,D012770,<Tachycardia>,D013610
<Cardiogenic_shock>,D012770,<Perspiration>,D013546
<Cardiogenic_shock>,D012770,<Hypotension>,D007022
<Cardiogenic_shock>,D012770,<Shortness_of_breath>,D004417
<Cardiogenic_shock>,D012770,<Fatigue>,D005221
<Cardiovascular_disease>,D002318,<Chest_pain>,D002637
<Cardiovascular_disease>,D002318,<Shortness_of_breath>,D004417
<Cardiovascular_disease>,D002318,<Fatigue>,D005221
<Carpal_tunnel_syndrome>,D002349,<Paresthesia>,D010292
<Cartilage–hair_hypoplasia>,C535916,<Neutropenia>,D009503
<Catecholaminergic_polymorphic_ventricular_tachycardia>,C536334,<Syncope_(medicine)>,D013575
<Catecholaminergic_polymorphic_ventricular_tachycardia>,C536334,<Cardiac_arrest>,D006323
<Cellulitis>,D00248,<Fever>,D005334
<Cerebral_palsy>,D002547,<Tremor>,D014202
<Cerebral_palsy>,D002547,<Spasticity>,D009128
<Cervical_cancer>,D002583,<Pelvic_pain>,D017699
<Chalazion>,D017043,<Cyst>,D003560
<Channelopathy>,D053447,<Syncope_(medicine)>,D013575
<Channelopathy>,D053447,<Muscle_weakness>,D018908
<Channelopathy>,D053447,<Seizure>,D012640
<Channelopathy>,D053447,<Shortness_of_breath>,D004417
<Charcot–Marie–Tooth_disease>,D002607,<Hammer_toe>,D037801
<Charcot–Marie–Tooth_disease>,D002607,<Muscle_atrophy>,D009133
<Chemical_burn>,D002057,<Hyperpigmentation>,D017495
<Chemical_burn>,D002057,<Itch>,D011537
<Chemical_burn>,D002057,<Hemoptysis>,D006469
<Chemical_burn>,D002057,<Shortness_of_breath>,D004417
<Chemical_burn>,D002057,<Pallor>,D010167
<Chest_pain>,D002637,<Pain>,D010146
<Chikungunya>,D018354,<Arthralgia>,D018771
<Chikungunya>,D018354,<Fever>,D005334
<Chilaiditi_syndrome>,D059269,<Abdominal_pain>,D015746
<Chilaiditi_syndrome>,D059269,<Shortness_of_breath>,D004417
<Chlamydia>,D002690,<Vaginal_discharge>,D019522
<Chlamydia>,D002690,<Dysuria>,D053159
<Cholecystitis>,D002764,<Vomiting>,D014839
<Cholecystitis>,D002764,<Abdominal_pain>,D015746
<Cholecystitis>,D002764,<Fever>,D005334
<Cholera>,D002771,<Vomiting>,D014839
<Cholera>,D002771,<Cramp>,D009120
<Cholera>,D002771,<Diarrhea>,D003967
<Chronic_fatigue_syndrome>,D015673,<Fatigue>,D005221
<Chronic_kidney_disease>,D007676,<Confusion>,D003221
<Chronic_kidney_disease>,D007676,<Vomiting>,D014839
<Chronic_kidney_disease>,D007676,<Edema>,D004487
<Chronic_lymphocytic_leukemia>,D015451,<Fever>,D005334
<Chronic_multifocal_Langerhans_cell_histiocytosis>,D006646,<Diabetes_insipidus>,D003919
<Chronic_multifocal_Langerhans_cell_histiocytosis>,D006646,<Exophthalmos>,D005094
<Chronic_multifocal_Langerhans_cell_histiocytosis>,D006646,<Otitis_media>,D010033
<Cirrhosis>,D008103,<Ascites>,D001201
<Cirrhosis>,D008103,<Jaundice>,D007565
<Cirrhosis>,D008103,<Itch>,D011537
<Cirrhosis>,D008103,<Fatigue>,D005221
<Cluster_headache>,D003027,<Headache>,D006261
<Coeliac_disease>,D002446,<Constipation>,D003248
<Coeliac_disease>,D002446,<Malabsorption>,D008286
<Coeliac_disease>,D002446,<Dermatitis_herpetiformis>,D003874
<Coeliac_disease>,D002446,<Diarrhea>,D003967
<Common_cold>,D003139,<Sore_throat>,D010612
<Common_cold>,D003139,<Cough>,D003371
<Common_cold>,D003139,<Fever>,D005334
<Compartment_syndrome>,D003161,<Pallor>,D010167
<Concussion>,D001924,<Headache>,D006261
<Congenital_dyserythropoietic_anemia>,D000742,<Weakness>,D018908
<Congenital_generalized_lipodystrophy>,D052497,<Gigantism>,D005877
<Congenital_generalized_lipodystrophy>,D052497,<Acromegaly>,D000172
<Congenital_heart_defect>,D006330,<Cyanosis>,D003490
<Constrictive_pericarditis>,D010494,<Fatigue>,D005221
<Conversion_disorder>,D003291,<Syncope_(medicine)>,D013575
<Conversion_disorder>,D003291,<Weakness>,D018908
<Conversion_disorder>,D003291,<Paralysis>,D010243
<Conversion_disorder>,D003291,<Tremor>,D014202
<Conversion_disorder>,D003291,<Dysphagia>,D003680
<Convulsion>,D012640,<Spasm>,D013035
<Coronary_artery_disease>,D003324,<Chest_pain>,D002637
<Coronary_artery_disease>,D003324,<Shortness_of_breath>,D004417
<Crohn's_disease>,D003424,<Abdominal_pain>,D015746
<Crohn's_disease>,D003424,<Diarrhea>,D003967
<Crohn's_disease>,D003424,<Fever>,D005334
<Crohn's_disease>,D003424,<Fatigue>,D005221
<Croup>,D003440,<Fever>,D005334
<Cryptococcosis>,D003453,<Vomiting>,D014839
<Cryptococcosis>,D003453,<Nausea>,D009325
<Cryptococcosis>,D003453,<Chest_pain>,D002637
<Cryptococcosis>,D003453,<Meningism>,D008580
<Cryptococcosis>,D003453,<Cough>,D003371
<Cryptococcosis>,D003453,<Headache>,D006261
<Cryptococcosis>,D003453,<Fever>,D005334
<Cryptococcosis>,D003453,<Photophobia>,D020795
<Cryptococcosis>,D003453,<Shortness_of_breath>,D004417
<Cushing's_syndrome>,D003480,<Muscle_weakness>,D018908
<Cushing's_syndrome>,D003480,<Acne>,D000152
<Cushing's_syndrome>,D003480,<Lipodystrophy>,D008060
<Cushing's_syndrome>,D003480,<Hypertension>,D006973
<Cystadenocarcinoma>,D003536,<Vomiting>,D014839
<Cystadenocarcinoma>,D003536,<Nausea>,D009325
<Cystadenocarcinoma>,D003536,<Ascites>,D001201
<Cystadenocarcinoma>,D003536,<Abdominal_pain>,D015746
<Cystadenocarcinoma>,D003536,<Anorexia_(symptom)>,D000855
<Cystadenocarcinoma>,D003536,<Fatigue>,D005221
<Cystic_fibrosis>,D003550,<Steatorrhea>,D045602
<Cystic_fibrosis>,D003550,<Shortness_of_breath>,D004417
<Cystic_fibrosis>,D003550,<Failure_to_thrive>,D005183
<Cystocele>,D052858,<Urinary_incontinence>,D014549
<Deep_vein_thrombosis>,D020246,<Edema>,D004487
<Delirium>,D003693,<Amnesia>,D000647
<Delirium>,D003693,<Confusion>,D003221
<Delirium>,D003693,<Delusion>,D003702
<Delirium>,D003693,<Psychomotor_agitation>,D011595
<Delirium>,D003693,<Hallucination>,D006212
<Delirium_tremens>,D000430,<Delirium>,D003693
<Delirium_tremens>,D000430,<Hallucination>,D006212
<Delirium_tremens>,D000430,<Tremor>,D014202
<Dermatitis>,D004485,<Rash>,D005076
<Dermatitis>,D004485,<Erythema>,D004890
<Dermatitis>,D004485,<Itch>,D011537
<Dermatomyositis>,D003882,<Rash>,D005076
<Dermatomyositis>,D003882,<Muscle_weakness>,D018908
<Diabetic_ketoacidosis>,D016883,<Confusion>,D003221
<Diabetic_ketoacidosis>,D016883,<Vomiting>,D014839
<Diabetic_ketoacidosis>,D016883,<Abdominal_pain>,D015746
<Diabetic_ketoacidosis>,D016883,<Polyuria>,D011141
<Diabetic_nephropathy>,D003928,<Albuminuria>,D000419
<Diabetic_nephropathy>,D003928,<Hypertension>,D006973
<Diabetic_nephropathy>,D003928,<Fatigue>,D005221
<Dilated_cardiomyopathy>,D002311,<Syncope_(medicine)>,D013575
<Dilated_cardiomyopathy>,D002311,<Chest_pain>,D002637
<Dilated_cardiomyopathy>,D002311,<Edema>,D004487
<Dilated_cardiomyopathy>,D002311,<Shortness_of_breath>,D004417
<Diphtheria>,D004165,<Fever>,D005334
<Disseminated_intravascular_coagulation>,D004211,<Chest_pain>,D002637
<Disseminated_intravascular_coagulation>,D004211,<Bleeding>,D006470
<Disseminated_intravascular_coagulation>,D004211,<Shortness_of_breath>,D004417
<Diverticulitis>,D004238,<Constipation>,D003248
<Diverticulitis>,D004238,<Nausea>,D009325
<Diverticulitis>,D004238,<Abdominal_pain>,D015746
<Diverticulitis>,D004238,<Diarrhea>,D003967
<Diverticulitis>,D004238,<Fever>,D005334
<Dizziness>,D004244,<Vertigo>,D014717
<Dizziness>,D004244,<Lightheadedness>,D013575
<Dubin–Johnson_syndrome>,D007566,<Jaundice>,D007565
<Duchenne_muscular_dystrophy>,D020388,<Muscle_weakness>,D018908
<Dysarthria>,D004401,<Dysarthria>,D004401
<Dysautonomia>,D001342,<Anxiety>,D001007
<Dysentery>,D004403,<Abdominal_pain>,D015746
<Dysentery>,D004403,<Fever>,D005334
<Dyshidrosis>,D011146,<Blister>,D001768
<Dyslipidemia>,D050171,<Atherosclerosis>,
<Dyslipidemia>,D050171,<Atherosclerosis>,D050197
<Dysmenorrhea>,D004412,<Nausea>,D009325
<Dysmenorrhea>,D004412,<Pain>,D010146
<Dysmenorrhea>,D004412,<Diarrhea>,D003967
<Dysthymia>,D019263,<Depression_(mood)>,D003863
<Dysthymia>,D019263,<Anhedonia>,D059445
<Dysthymia>,D019263,<Pain>,D010146
<Eastern_equine_encephalitis>,D020242,<Myalgia>,D063806
<Eastern_equine_encephalitis>,D020242,<Headache>,D006261
<Eastern_equine_encephalitis>,D020242,<Photophobia>,D020795
<Eclampsia>,,<Seizure>,D012640
<Eclampsia>,D004461,<Seizure>,D012640
<Eclampsia>,,<Hypertension>,D006973
<Eclampsia>,D004461,<Hypertension>,D006973
<Ectopic_pregnancy>,D011271,<Abdominal_pain>,D015746
<Empty_sella_syndrome>,D004652,<Cryptorchidism>,D003456
<Encephalitis>,D004660,<Confusion>,D003221
<Encephalitis>,D004660,<Vomiting>,D014839
<Encephalitis>,D004660,<Headache>,D006261
<Encephalitis>,D004660,<Fever>,D005334
<Endemic_goitre>,D006043,<Goitre>,D006042
<Endometrial_cancer>,D016889,<Pelvic_pain>,D017699
<Endometrial_cancer>,D016889,<Dysuria>,D053159
<Endometriosis>,D004715,<Pelvic_pain>,D017699
<Endometritis>,D004716,<Vaginal_discharge>,D019522
<Endometritis>,D004716,<Fever>,D005334
<Eosinophilic_granulomatosis_with_polyangiitis>,D015267,<Arthralgia>,D018771
<Eosinophilic_granulomatosis_with_polyangiitis>,D015267,<Hives>,D014581
<Eosinophilic_granulomatosis_with_polyangiitis>,D015267,<Purpura>,D011693
<Eosinophilic_granulomatosis_with_polyangiitis>,D015267,<Myalgia>,D063806
<Eosinophilic_granulomatosis_with_polyangiitis>,D015267,<Fever>,D005334
<Epidermolysis_bullosa>,D004820,<Blister>,D001768
<Epididymitis>,D004823,<Dysuria>,D053159
<Epidural_hematoma>,D006407,<Paralysis>,D010243
<Epidural_hematoma>,D006407,<Headache>,D006261
<Epiglottitis>,D004826,<Fever>,D005334
<Episcleritis>,D015423,<Photophobia>,D020795
<Esophageal_cancer>,D004938,<Hoarse_voice>,D055154
<Esophageal_cancer>,D004938,<Lymphadenopathy>,D008206
<Esophageal_cancer>,D004938,<Dysphagia>,D003680
<Fasciolosis>,D005211,<Nausea>,D009325
<Fat_embolism_syndrome>,D004620,<Shortness_of_breath>,D004417
<Fat_embolism_syndrome>,D004620,<Petechia>,D011693
<Fatal_insomnia>,D034062,<Diplopia>,D004172
<Febrile_seizure>,D003294,<Generalized_tonic–clonic_seizure>,D004830
<Fever>,D005334,<Perspiration>,D013546
<Fever>,D005334,<Chills>,D023341
<Fever>,D005334,<Flushing_(physiology)>,D005483
<Fibrocystic_breast_changes>,D005348,<Breast_cyst>,D047688
<Fibromyalgia>,D005356,<Sleep_disorder>,D012893
<Food_allergy>,D005512,<Hives>,D014581
<Food_allergy>,D005512,<Itch>,D011537
<Fragile_X_syndrome>,D005600,<Intellectual_disability>,D008607
<Gallbladder_cancer>,D005706,<Nausea>,D009325
<Gallbladder_cancer>,D005706,<Jaundice>,D007565
<Gallbladder_cancer>,D005706,<Abdominal_pain>,D015746
<Gallbladder_cancer>,D005706,<Fever>,D005334
<Gastric_antral_vascular_ectasia>,D020252,<Gastrointestinal_bleeding>,D006471
<Gastric_antral_vascular_ectasia>,D020252,<Edema>,D004487
<Gastritis>,D005756,<Vomiting>,D014839
<Gastritis>,D005756,<Nausea>,D009325
<Gastritis>,D005756,<Abdominal_pain>,D015746
<Gastritis>,D005756,<Anorexia_(symptom)>,D000855
<Gastritis>,D005756,<Heartburn>,D006356
<Gastroenteritis>,D005759,<Vomiting>,D014839
<Gastroenteritis>,D005759,<Diarrhea>,D003967
<Gastroenteritis>,D005759,<Fever>,D005334
<Gastroesophageal_reflux_disease>,D005764,<Chest_pain>,D002637
<Gastroesophageal_reflux_disease>,D005764,<Heartburn>,D006356
<Gastroesophageal_reflux_disease>,D005764,<Bad_breath>,D006209
<Gastrointestinal_bleeding>,D006471,<Fatigue>,D005221
<Gastrointestinal_bleeding>,D006471,<Hematochezia>,D006471
<Gastroparesis>,D018589,<Vomiting>,D014839
<Gastroparesis>,D018589,<Nausea>,D009325
<Gastroparesis>,D018589,<Abdominal_pain>,D015746
<General_paresis_of_the_insane>,D009494,<Delusion>,D003702
<General_paresis_of_the_insane>,D009494,<Dementia>,D003704
<General_paresis_of_the_insane>,D009494,<Seizure>,D012640
<General_paresis_of_the_insane>,D009494,<Cachexia>,D002100
<General_paresis_of_the_insane>,D009494,<Neurasthenia>,D009440
<General_paresis_of_the_insane>,D009494,<Intention_tremor>,D014202
<General_paresis_of_the_insane>,D009494,<Hyperreflexia>,D012021
<Gestational_pemphigoid>,D006559,<Blister>,D001768
<Gestational_pemphigoid>,D006559,<Hives>,D014581
<Gestational_pemphigoid>,D006559,<Itch>,D011537
<Giant_cell_arteritis>,D013700,<Diplopia>,D004172
<Giant_cell_arteritis>,D013700,<Headache>,D006261
<Giardiasis>,D005873,<Abdominal_pain>,D015746
<Giardiasis>,D005873,<Diarrhea>,D003967
<Gigantism>,D005877,<Insomnia>,D007319
<Glaucoma>,D005901,<Nausea>,D009325
<Glioblastoma>,D005909,<Nausea>,D009325
<Glioblastoma>,D005909,<Stroke>,D020521
<Glioblastoma>,D005909,<Headache>,D006261
<Glucose-6-phosphate_dehydrogenase_deficiency>,D005955,<Jaundice>,D007565
<Glucose-6-phosphate_dehydrogenase_deficiency>,D005955,<Shortness_of_breath>,D004417
<Glycogen_storage_disease_type_III>,D006010,<Hypotonia>,D009123
<Gonorrhea>,D006069,<Vaginal_discharge>,D019522
<Gonorrhea>,D006069,<Pelvic_pain>,D017699
<Gonorrhea>,D006069,<Dysuria>,D053159
<Gout>,,<Arthralgia>,D018771
<Gout>,D006073,<Arthralgia>,D018771
<Gout>,,<Erythema>,D004890
<Gout>,D006073,<Erythema>,D004890
<Graves'_disease>,D006111,<Tachycardia>,D013610
<Graves'_disease>,D006111,<Anxiety>,D001007
<Graves'_disease>,D006111,<Perspiration>,D013546
<Graves'_disease>,D006111,<Insomnia>,D007319
<Graves'_disease>,D006111,<Graves'_ophthalmopathy>,D049970
<Graves'_disease>,D006111,<Erectile_dysfunction>,D007172
<Graves'_disease>,D006111,<Goitre>,D006042
<HELLP_syndrome>,D017359,<Nausea>,D009325
<HELLP_syndrome>,D017359,<Seizure>,D012640
<HELLP_syndrome>,D017359,<Abdominal_pain>,D015746
<HELLP_syndrome>,D017359,<Headache>,D006261
<HIV/AIDS>,D000163,<Lymphadenopathy>,D008206
<HIV/AIDS>,D000163,<Fever>,D005334
<Haemophilia>,,<Bleeding>,D006470
<Haemophilia>,D025861,<Bleeding>,D006470
<Hashimoto's_thyroiditis>,D050031,<Constipation>,D003248
<Hashimoto's_thyroiditis>,D050031,<Hair_loss>,D000505
<Hashimoto's_thyroiditis>,D050031,<Mood_disorder>,D019964
<Hashimoto's_thyroiditis>,D050031,<Fatigue>,D005221
<Hashimoto's_thyroiditis>,D050031,<Goitre>,D006042
<Heart_failure>,D006333,<Edema>,D004487
<Heart_failure>,D006333,<Shortness_of_breath>,D004417
<Heart_failure>,D006333,<Fatigue>,D005221
<Heartburn>,D006356,<Nausea>,D009325
<Helicobacter_pylori>,,<Nausea>,D009325
<Helicobacter_pylori>,D016481,<Nausea>,D009325
<Helicobacter_pylori>,,<Abdominal_pain>,D015746
<Helicobacter_pylori>,D016481,<Abdominal_pain>,D015746
<Hemolytic–uremic_syndrome>,D006463,<Vomiting>,D014839
<Hemolytic–uremic_syndrome>,D006463,<Anemia>,D000740
<Hemolytic–uremic_syndrome>,D006463,<Fever>,D005334
<Hemorrhoid>,D006484,<Hematochezia>,D006471
<Hepatic_veno-occlusive_disease>,D006504,<Ascites>,D001201
<Hepatic_veno-occlusive_disease>,D006504,<Jaundice>,D007565
<Hepatitis>,D006505,<Jaundice>,D007565
<Hepatitis>,D006505,<Abdominal_pain>,D015746
<Hepatitis>,D006505,<Anorexia_(symptom)>,D000855
<Hepatitis_A>,D006506,<Nausea>,D009325
<Hepatitis_A>,D006506,<Jaundice>,D007565
<Hepatitis_A>,D006506,<Diarrhea>,D003967
<Hepatitis_A>,D006506,<Fever>,D005334
<Hepatitis_B>,D006509,<Jaundice>,D007565
<Hepatitis_B>,D006509,<Abdominal_pain>,D015746
<Hepatitis_B>,D006509,<Fatigue>,D005221
<Hepatitis_D>,D003699,<Vomiting>,D014839
<Hepatitis_E>,D016751,<Nausea>,D009325
<Hepatitis_E>,D016751,<Jaundice>,D007565
<Hereditary_angioedema>,D054179,<Angioedema>,D000799
<Hereditary_hemorrhagic_telangiectasia>,D013683,<Gastrointestinal_bleeding>,D006471
<Herpes_labialis>,D006560,<Blister>,D001768
<Herpes_labialis>,D006560,<Ulcer_(dermatology)>,D012883
<Hiatal_hernia>,D006551,<Heartburn>,D006356
<Hiatal_hernia>,D006551,<Dysphagia>,D003680
<Hirschsprung's_disease>,D006627,<Constipation>,D003248
<Hirschsprung's_disease>,D006627,<Vomiting>,D014839
<Hirschsprung's_disease>,D006627,<Abdominal_pain>,D015746
<Hirschsprung's_disease>,D006627,<Diarrhea>,D003967
<Hirschsprung's_disease>,D006627,<Failure_to_thrive>,D005183
<Hodgkin_lymphoma>,D006689,<Lymphadenopathy>,D008206
<Hodgkin_lymphoma>,D006689,<Fever>,D005334
<Hypercalcaemia>,D006934,<Confusion>,D003221
<Hypercalcaemia>,D006934,<Depression_(mood)>,D003863
<Hypercalcaemia>,D006934,<Weakness>,D018908
<Hypercalcaemia>,D006934,<Abdominal_pain>,D015746
<Hyperkalemia>,D006947,<Muscle_weakness>,D018908
<Hyperkalemia>,D006947,<Myalgia>,D063806
<Hyperkalemia>,D006947,<Paresthesia>,D010292
<Hyperparathyroidism>,D006961,<Kidney_stone_disease>,D052878
<Hyperparathyroidism>,D006961,<Major_depressive_disorder>,D003865
<Hyperpituitarism>,D006964,<Hirsutism>,D006628
<Hypersensitivity_pneumonitis>,D000542,<Chills>,D023341
<Hypersensitivity_pneumonitis>,D000542,<Cough>,D003371
<Hypersensitivity_pneumonitis>,D000542,<Fever>,D005334
<Hypersensitivity_pneumonitis>,D000542,<Shortness_of_breath>,D004417
<Hypersensitivity_pneumonitis>,D000542,<Fatigue>,D005221
<Hyperthermia>,D005334,<Delirium>,D003693
<Hyperthyroidism>,D006980,<Tachycardia>,D013610
<Hyperthyroidism>,D006980,<Diarrhea>,D003967
<Hyperthyroidism>,D006980,<Goitre>,D006042
<Hypertrophic_cardiomyopathy>,D002312,<Syncope_(medicine)>,D013575
<Hypertrophic_cardiomyopathy>,D002312,<Chest_pain>,D002637
<Hypertrophic_cardiomyopathy>,D002312,<Edema>,D004487
<Hypertrophic_cardiomyopathy>,D002312,<Shortness_of_breath>,D004417
<Hypoalbuminemia>,D034141,<Ascites>,D001201
<Hypoalbuminemia>,D034141,<Edema>,D004487
<Hypoalbuminemia>,D034141,<Fatigue>,D005221
<Hypoglycemia>,D007003,<Confusion>,D003221
<Hypoglycemia>,D007003,<Nausea>,D009325
<Hypoglycemia>,D007003,<Anxiety>,D001007
<Hypoglycemia>,D007003,<Seizure>,D012640
<Hypoglycemia>,D007003,<Headache>,D006261
<Hypoglycemia>,D007003,<Lightheadedness>,D013575
<Hyponatremia>,D007010,<Confusion>,D003221
<Hyponatremia>,D007010,<Nausea>,D009325
<Hyponatremia>,D007010,<Seizure>,D012640
<Hyponatremia>,D007010,<Coma>,D003128
<Hyponatremia>,D007010,<Headache>,D006261
<Hypotension>,D007022,<Dizziness>,D004244
<Hypotension>,D007022,<Angina>,D000787
<Hypotension>,D007022,<Arrhythmia>,D001145
<Hypotension>,D007022,<Seizure>,D012640
<Hypotension>,D007022,<Fever>,D005334
<Hypotension>,D007022,<Lightheadedness>,D013575
<Hypotension>,D007022,<Fatigue>,D005221
<Hypothermia>,D007035,<Confusion>,D003221
<Hypothermia>,D007035,<Cardiac_arrest>,D006323
<Hypothyroidism>,D007037,<Constipation>,D003248
<Hypothyroidism>,D007037,<Depression_(mood)>,D003863
<Hypothyroidism>,D007037,<Anxiety>,D001007
<Hypotonia>,D009123,<Muscle_weakness>,D018908
<Hypovolemia>,D020896,<Fatigue>,D005221
<Hypoxia_(medical)>,D000860,<Cyanosis>,D003490
<Hypoxia_(medical)>,D000860,<Paresthesia>,D010292
<Idiopathic_intracranial_hypertension>,D011559,<Headache>,D006261
<Idiopathic_intracranial_hypertension>,D011559,<Tinnitus>,D014012
<Idiopathic_pulmonary_fibrosis>,D011658,<Shortness_of_breath>,D004417
<Infectious_mononucleosis>,D007244,<Lymphadenopathy>,D008206
<Infectious_mononucleosis>,D007244,<Fever>,D005334
<Infectious_mononucleosis>,D007244,<Pharyngitis>,D010612
<Infectious_mononucleosis>,D007244,<Fatigue>,D005221
<Influenza>,D007251,<Sore_throat>,D010612
<Influenza>,D007251,<Myalgia>,D063806
<Influenza>,D007251,<Cough>,D003371
<Influenza>,D007251,<Headache>,D006261
<Influenza>,D007251,<Fever>,D005334
<Influenza>,D007251,<Fatigue>,D005221
<Insect_bites_and_stings>,D007299,<Pain>,D010146
<Insomnia>,D007319,<Depression_(mood)>,D003863
<Insomnia>,D007319,<Excessive_daytime_sleepiness>,D006970
<Interstitial_cystitis>,D018856,<Chronic_pain>,D059350
<Intestinal_pseudo-obstruction>,D003112,<Vomiting>,D014839
<Intestinal_pseudo-obstruction>,D003112,<Nausea>,D009325
<Intestinal_pseudo-obstruction>,D003112,<Abdominal_pain>,D015746
<Intestinal_pseudo-obstruction>,D003112,<Dysphagia>,D003680
<Intracerebral_hemorrhage>,D002543,<Seizure>,D012640
<Intracerebral_hemorrhage>,D002543,<Headache>,D006261
<Intracerebral_hemorrhage>,D002543,<Fever>,D005334
<Intracerebral_hemorrhage>,D002543,<Hemiparesis>,D006429
<Intracranial_aneurysm>,D002532,<Confusion>,D003221
<Intracranial_aneurysm>,D002532,<Vomiting>,D014839
<Intracranial_aneurysm>,D002532,<Nausea>,D009325
<Intracranial_aneurysm>,D002532,<Headache>,D006261
<Intussusception_(medical_disorder)>,D007443,<Vomiting>,D014839
<Intussusception_(medical_disorder)>,D007443,<Abdominal_pain>,D015746
<Iron-deficiency_anemia>,D018798,<Lightheadedness>,D013575
<Iron-deficiency_anemia>,D018798,<Shortness_of_breath>,D004417
<Iron-deficiency_anemia>,D018798,<Pallor>,D010167
<Iron-deficiency_anemia>,D018798,<Fatigue>,D005221
<Irritable_bowel_syndrome>,D043183,<Constipation>,D003248
<Irritable_bowel_syndrome>,D043183,<Diarrhea>,D003967
<Japanese_encephalitis>,D004672,<Seizure>,D012640
<Jervell_and_Lange-Nielsen_syndrome>,D029593,<Syncope_(medicine)>,D013575
<Jervell_and_Lange-Nielsen_syndrome>,D029593,<Seizure>,D012640
<Jervell_and_Lange-Nielsen_syndrome>,D029593,<Sensorineural_hearing_loss>,D006319
<Kabuki_syndrome>,C537705,<Hypotonia>,D009123
<Kallmann_syndrome>,D017436,<Anosmia>,D000857
<Kallmann_syndrome>,D017436,<Infertility>,D007246
<Kawasaki_disease>,D009080,<Sore_throat>,D010612
<Kawasaki_disease>,D009080,<Rash>,D005076
<Kawasaki_disease>,D009080,<Lymphadenopathy>,D008206
<Kawasaki_disease>,D009080,<Diarrhea>,D003967
<Keratoconus>,,<Myopia>,D009216
<Keratoconus>,D007640,<Myopia>,D009216
<Kidney_cancer>,D007680,<Back_pain>,D001416
<Kidney_cancer>,D007680,<Hematuria>,D006417
<Klinefelter_syndrome>,D007713,<Gigantism>,D005877
<Klinefelter_syndrome>,D007713,<Muscle_weakness>,D018908
<Klinefelter_syndrome>,D007713,<Infertility>,D007246
<Klippel–Feil_syndrome>,D007714,<Congenital_heart_defect>,D006330
<Laron_syndrome>,D046150,<Dwarfism>,D004392
<Laryngitis>,D007827,<Hoarse_voice>,D055154
<Laryngitis>,D007827,<Fever>,D005334
<Lassa_fever>,D007835,<Headache>,D006261
<Lassa_fever>,D007835,<Fever>,D005334
<Lassa_fever>,D007835,<Bleeding>,D006470
<Lead_poisoning>,D007855,<Constipation>,D003248
<Lead_poisoning>,D007855,<Abdominal_pain>,D015746
<Lead_poisoning>,D007855,<Infertility>,D007246
<Lead_poisoning>,D007855,<Intellectual_disability>,D008607
<Lead_poisoning>,D007855,<Paresthesia>,D010292
<Legionnaires'_disease>,D007876,<Myalgia>,D063806
<Legionnaires'_disease>,D007876,<Fever>,D005334
<Legionnaires'_disease>,D007876,<Shortness_of_breath>,D004417
<Legius_syndrome>,C548032,<Café_au_lait_spot>,D019080
<Leishmaniasis>,D007896,<Anemia>,D000740
<Leishmaniasis>,D007896,<Ulcer_(dermatology)>,D012883
<Leishmaniasis>,D007896,<Fever>,D005334
<Lemierre's_syndrome>,D057831,<Sore_throat>,D010612
<Lemierre's_syndrome>,D057831,<Vomiting>,D014839
<Lemierre's_syndrome>,D057831,<Meningitis>,D008581
<Lemierre's_syndrome>,D057831,<Sepsis>,
<Lemierre's_syndrome>,D057831,<Sepsis>,D018805
<Lemierre's_syndrome>,D057831,<Myalgia>,D063806
<Lemierre's_syndrome>,D057831,<Fever>,D005334
<Lemierre's_syndrome>,D057831,<Fatigue>,D005221
<Lesch–Nyhan_syndrome>,D007926,<Chorea>,D002819
<Lesch–Nyhan_syndrome>,D007926,<Hyperuricemia>,D033461
<Lesch–Nyhan_syndrome>,D007926,<Self-harm>,D016728
<Lesch–Nyhan_syndrome>,D007926,<Intellectual_disability>,D008607
<Lesch–Nyhan_syndrome>,D007926,<Dystonia>,D004421
<Lesch–Nyhan_syndrome>,D007926,<Spasticity>,D009128
<Leukemia>,,<Bruise>,D003288
<Leukemia>,D007938,<Bruise>,D003288
<Leukemia>,,<Fever>,D005334
<Leukemia>,D007938,<Fever>,D005334
<Leukemia>,,<Fatigue>,D005221
<Leukemia>,D007938,<Fatigue>,D005221
<Lightheadedness>,D013575,<Vertigo>,D014717
<Lipedema>,D065134,<Bruise>,D003288
<Listeriosis>,D008088,<Headache>,D006261
<Listeriosis>,D008088,<Diarrhea>,D003967
<Listeriosis>,D008088,<Fever>,D005334
<Liver_cancer>,D008113,<Ascites>,D001201
<Liver_cancer>,D008113,<Jaundice>,D007565
<Liver_failure>,D017093,<Vomiting>,D014839
<Liver_failure>,D017093,<Nausea>,D009325
<Liver_failure>,D017093,<Respiratory_alkalosis>,D000472
<Liver_failure>,D017093,<Acute_liver_failure>,D017114
<Liver_failure>,D017093,<Metabolic_acidosis>,D000138
<Liver_failure>,D017093,<Hyperglycemia>,D006943
<Liver_failure>,D017093,<Cirrhosis>,D008103
<Liver_failure>,D017093,<Jaundice>,D007565
<Liver_failure>,D017093,<Itch>,D011537
<Liver_failure>,D017093,<Edema>,D004487
<Liver_failure>,D017093,<Hyponatremia>,D007010
<Liver_failure>,D017093,<Glycosuria>,D006029
<Long_QT_syndrome>,D008133,<Syncope_(medicine)>,D013575
<Long_QT_syndrome>,D008133,<Hearing_loss>,D034381
<Long_QT_syndrome>,D008133,<Seizure>,D012640
<Lung_cancer>,D002283,<Chest_pain>,D002637
<Lung_cancer>,D002283,<Cough>,D003371
<Lung_cancer>,D002283,<Shortness_of_breath>,D004417
<Lupus>,D008180,<Arthritis>,D001168
<Lupus>,D008180,<Hair_loss>,D000505
<Lupus>,D008180,<Rash>,D005076
<Lupus>,D008180,<Chest_pain>,D002637
<Lupus>,D008180,<Lymphadenopathy>,D008206
<Lupus>,D008180,<Mouth_ulcer>,D019226
<Lupus>,D008180,<Fever>,D005334
<Lupus>,D008180,<Fatigue>,D005221
<Lupus_nephritis>,D008181,<Arthralgia>,D018771
<Lymphadenopathy>,D008206,<Sore_throat>,D010612
<Lymphadenopathy>,D008206,<Fever>,D005334
<Lymphadenopathy>,D008206,<Lymphoma>,D008223
<Lymphoma>,D008223,<Perspiration>,D013546
<Lymphoma>,D008223,<Itch>,D011537
<Lymphoma>,D008223,<Lymphadenopathy>,D008206
<Lymphoma>,D008223,<Fever>,D005334
<Lymphoma>,D008223,<Fatigue>,D005221
<Malignant_hyperthermia>,D008305,<Tachycardia>,D013610
<Malignant_hyperthermia>,D008305,<Hyperthermia>,D005334
<Malnutrition>,D044342,<Ascites>,D001201
<Malnutrition>,D044342,<Edema>,D004487
<Mandibular_fracture>,D008337,<Malocclusion>,D008310
<Maroteaux–Lamy_syndrome>,D009087,<Umbilical_hernia>,D006554
<Maroteaux–Lamy_syndrome>,D009087,<Macrocephaly>,D058627
<Mastitis>,D008413,<Fever>,D005334
<Measles>,D008457,<Conjunctivitis>,D003231
<Measles>,D008457,<Rash>,D005076
<Measles>,D008457,<Rhinitis>,D012220
<Measles>,D008457,<Cough>,D003371
<Measles>,D008457,<Fever>,D005334
<Meesmann_corneal_dystrophy>,D053559,<Photophobia>,D020795
<Meesmann_corneal_dystrophy>,D053559,<Blepharospasm>,D001764
<Melanoma>,D008545,<Ulcer_(dermatology)>,D012883
<Melanoma>,D008545,<Nevus>,D009506
<Meningioma>,D008579,<Dementia>,D003704
<Meningioma>,D008579,<Seizure>,D012640
<Meningitis>,D008581,<Headache>,D006261
<Meningitis>,D008581,<Fever>,D005334
<Mental_disorder>,D001523,<Depression_(mood)>,D003863
<Mental_disorder>,D001523,<Psychomotor_agitation>,D011595
<Mental_disorder>,D001523,<Anxiety>,D001007
<Mental_disorder>,D001523,<Mania>,D001714
<Mental_disorder>,D001523,<Paranoia>,D010259
<Mesothelioma>,D008654,<Shortness_of_breath>,D004417
<Methemoglobinemia>,D008708,<Cyanosis>,D003490
<Migraine>,,<Nausea>,D009325
<Migraine>,D008881,<Nausea>,D009325
<Migraine>,,<Headache>,D006261
<Migraine>,D008881,<Headache>,D006261
<Migraine>,,<Photophobia>,D020795
<Migraine>,D008881,<Photophobia>,D020795
<Migraine>,,<Hyperacusis>,D012001
<Migraine>,D008881,<Hyperacusis>,D012001
<Mitral_stenosis>,D008946,<Hemoptysis>,D006469
<Mitral_stenosis>,D008946,<Edema>,D004487
<Mitral_valve_prolapse>,D008945,<Ventricular_tachycardia>,D017180
<Mitral_valve_prolapse>,D008945,<Syncope_(medicine)>,D013575
<Mitral_valve_prolapse>,D008945,<Dysautonomia>,D001342
<Mitral_valve_prolapse>,D008945,<Hypotension>,D007022
<Mitral_valve_prolapse>,D008945,<Lightheadedness>,D013575
<Mitral_valve_prolapse>,D008945,<Shortness_of_breath>,D004417
<Motion_sickness>,D009041,<Vomiting>,D014839
<Motion_sickness>,D009041,<Nausea>,D009325
<Mouth_breathing>,D009058,<Snoring>,D012913
<Mucormycosis>,D009091,<Diplopia>,D004172
<Mucormycosis>,D009091,<Headache>,D006261
<Mucormycosis>,D009091,<Fever>,D005334
<Mucosal_melanoma>,D008546,<Constipation>,D003248
<Mucosal_melanoma>,D008546,<Anosmia>,D000857
<Mucosal_melanoma>,D008546,<Aphthous_stomatitis>,D013281
<Mucosal_melanoma>,D008546,<Itch>,D011537
<Mucosal_melanoma>,D008546,<Diarrhea>,D003967
<Mucosal_melanoma>,D008546,<Bleeding>,D006470
<Mucosal_melanoma>,D008546,<Periodontal_disease>,D010518
<Mucosal_melanoma>,D008546,<Rosacea>,D012393
<Mucosal_melanoma>,D008546,<Fatigue>,D005221
<Mucosal_melanoma>,D008546,<Hematuria>,D006417
<Mulibrey_nanism>,C538604 D050336,<Infertility>,D007246
<Myasthenia_gravis>,D009157,<Muscle_weakness>,D018908
<Myasthenia_gravis>,D009157,<Diplopia>,D004172
<Myasthenia_gravis>,D009157,<Ptosis_(eyelid)>,D001763
<Myelodysplastic_syndrome>,D009190,<Infection>,D003141
<Myelodysplastic_syndrome>,D009190,<Bleeding>,D006470
<Myelodysplastic_syndrome>,D009190,<Shortness_of_breath>,D004417
<Myelodysplastic_syndrome>,D009190,<Fatigue>,D005221
<Myocardial_infarction>,D009203,<Nausea>,D009325
<Myocardial_infarction>,D009203,<Perspiration>,D013546
<Myocardial_infarction>,D009203,<Chest_pain>,D002637
<Myocardial_infarction>,D009203,<Lightheadedness>,D013575
<Myocardial_infarction>,D009203,<Shortness_of_breath>,D004417
<Myocardial_infarction>,D009203,<Fatigue>,D005221
<Myocarditis>,D009205,<Arrhythmia>,D001145
<Myocarditis>,D009205,<Chest_pain>,D002637
<Myocarditis>,D009205,<Shortness_of_breath>,D004417
<Myopia>,D009216,<Headache>,D006261
<Narcolepsy>,D009290,<Hallucination>,D006212
<Narcolepsy>,D009290,<Cataplexy>,D002385
<Narcolepsy>,D009290,<Excessive_daytime_sleepiness>,D006970
<Necrotizing_enterocolitis>,D020345,<Vomiting>,D014839
<Necrotizing_fasciitis>,D019115,<Fever>,D005334
<Neonatal_jaundice>,D007567,<Jaundice>,D007565
<Neoplasm>,D009369,<Edema>,D004487
<Neurofibromatosis>,D017253,<Hearing_loss>,D034381
<Neuroleptic_malignant_syndrome>,D009459,<Perspiration>,D013546
<Neuroleptic_malignant_syndrome>,D009459,<Fever>,D005334
<Non-Hodgkin_lymphoma>,D008228,<Itch>,D011537
<Non-Hodgkin_lymphoma>,D008228,<Lymphadenopathy>,D008206
<Non-Hodgkin_lymphoma>,D008228,<Fever>,D005334
<Non-Hodgkin_lymphoma>,D008228,<Fatigue>,D005221
<Nuchal_cord>,D053589,<Petechia>,D011693
<Obstetric_fistula>,D014624,<Fecal_incontinence>,D005242
<Obstetric_fistula>,D014624,<Urinary_incontinence>,D014549
<Oculopharyngeal_muscular_dystrophy>,D039141,<Dysphagia>,D003680
<Onchocerciasis>,D009855,<Itch>,D011537
<Opioid_use_disorder>,D009293,<Drug_withdrawal>,D013375
<Orthostatic_hypotension>,D007024,<Vertigo>,D014717
<Orthostatic_hypotension>,D007024,<Syncope_(medicine)>,D013575
<Osteitis_fibrosa_cystica>,D010002,<Bone_fracture>,D050723
<Osteoarthritis>,D010003,<Arthralgia>,D018771
<Osteomyelitis>,D010019,<Fever>,D005334
<Osteoporosis>,D010024,<Bone_fracture>,D050723
<Otitis_media>,D010033,<Hearing_loss>,D034381
<Otitis_media>,D010033,<Fever>,D005334
<Ovarian_cancer>,D010051,<Constipation>,D003248
<Ovarian_cancer>,D010051,<Ascites>,D001201
<Ovarian_cancer>,D010051,<Pelvic_pain>,D017699
<Ovarian_cancer>,D010051,<Anorexia_(symptom)>,D000855
<Pancreatic_cancer>,D010190,<Back_pain>,D001416
<Pancreatic_cancer>,D010190,<Jaundice>,D007565
<Pancreatic_cancer>,D010190,<Abdominal_pain>,D015746
<Pancreatic_cancer>,D010190,<Anorexia_(symptom)>,D000855
<Pancreatic_cancer>,D010190,<Cachexia>,D002100
<Pancreatic_pseudocyst>,D010192,<Vomiting>,D014839
<Pancreatic_pseudocyst>,D010192,<Nausea>,D009325
<Pancreatic_pseudocyst>,D010192,<Abdominal_pain>,D015746
<Pancreatic_pseudocyst>,D010192,<Anorexia_(symptom)>,D000855
<Pancreatitis>,D010195,<Vomiting>,D014839
<Pancreatitis>,D010195,<Nausea>,D009325
<Pancreatitis>,D010195,<Steatorrhea>,D045602
<Pancreatitis>,D010195,<Fever>,D005334
<Panic_attack>,D016584,<Perspiration>,D013546
<Panic_attack>,D016584,<Shortness_of_breath>,D004417
<Panic_disorder>,D016584,<Shortness_of_breath>,D004417
<Pantothenate_kinase-associated_neurodegeneration>,D006211,<Dementia>,D003704
<Pantothenate_kinase-associated_neurodegeneration>,D006211,<Parkinsonism>,D020734
<Pantothenate_kinase-associated_neurodegeneration>,D006211,<Dystonia>,D004421
<Paracoccidioidomycosis>,D010229,<Lymphadenopathy>,D008206
<Paracoccidioidomycosis>,D010229,<Mouth_ulcer>,D019226
<Paracoccidioidomycosis>,D010229,<Fever>,D005334
<Paratyphoid_fever>,D010284,<Headache>,D006261
<Paratyphoid_fever>,D010284,<Fever>,D005334
<Paroxysmal_supraventricular_tachycardia>,D013617,<Chest_pain>,D002637
<Paroxysmal_supraventricular_tachycardia>,D013617,<Shortness_of_breath>,D004417
<Peanut_allergy>,D021183,<Dermatitis>,D004485
<Peanut_allergy>,D021183,<Asthma>,D001249
<Peanut_allergy>,D021183,<Angioedema>,D000799
<Peanut_allergy>,D021183,<Cardiac_arrest>,D006323
<Peanut_allergy>,D021183,<Hives>,D014581
<Peanut_allergy>,D021183,<Abdominal_pain>,D015746
<Peanut_allergy>,D021183,<Itch>,D011537
<Peanut_allergy>,D021183,<Hypotension>,D007022
<Peanut_allergy>,D021183,<Diarrhea>,D003967
<Pelvic_inflammatory_disease>,D000292,<Vaginal_discharge>,D019522
<Pelvic_inflammatory_disease>,D000292,<Fever>,D005334
<Pelvic_inflammatory_disease>,D000292,<Dysuria>,D053159
<Peptic_ulcer_disease>,D010437,<Nausea>,D009325
<Peptic_ulcer_disease>,D010437,<Abdominal_pain>,D015746
<Peptic_ulcer_disease>,D010437,<Anorexia_(symptom)>,D000855
<Peptic_ulcer_disease>,D010437,<Heartburn>,D006356
<Pericarditis>,D010493,<Chest_pain>,D002637
<Pericarditis>,D010493,<Fever>,D005334
<Periodontal_disease>,D010518,<Bad_breath>,D006209
<Peripheral_artery_disease>,D016491,<Cyanosis>,D003490
<Peripheral_artery_disease>,D016491,<Intermittent_claudication>,D007383
<Peritonitis>,D010538,<Fever>,D005334
<Peritonsillar_abscess>,D000039,<Trismus>,D014313
<Peritonsillar_abscess>,D000039,<Fever>,D005334
<Pernicious_anemia>,D000752,<Confusion>,D003221
<Pernicious_anemia>,D000752,<Depression_(mood)>,D003863
<Pernicious_anemia>,D000752,<Lightheadedness>,D013575
<Pernicious_anemia>,D000752,<Shortness_of_breath>,D004417
<Pernicious_anemia>,D000752,<Paresthesia>,D010292
<Pernicious_anemia>,D000752,<Fatigue>,D005221
<Pharyngitis>,D010612,<Sore_throat>,D010612
<Pharyngitis>,D010612,<Hoarse_voice>,D055154
<Pharyngitis>,D010612,<Cough>,D003371
<Pharyngitis>,D010612,<Headache>,D006261
<Pharyngitis>,D010612,<Fever>,D005334
<Phenylketonuria>,D010661,<Mental_disorder>,D001523
<Phenylketonuria>,D010661,<Seizure>,D012640
<Phenylketonuria>,D010661,<Intellectual_disability>,D008607
<Pheochromocytoma>,D010673,<Tachycardia>,D013610
<Pheochromocytoma>,D010673,<Perspiration>,D013546
<Pheochromocytoma>,D010673,<Headache>,D006261
<Pheochromocytoma>,D010673,<Hypertension>,D006973
<Pheochromocytoma>,D010673,<Pallor>,D010167
<Pierre_Robin_sequence>,D010855,<Micrognathism>,D008844
<Placental_abruption>,D000037,<Abdominal_pain>,D015746
<Platelet_storage_pool_deficiency>,D010981,<Anemia>,D000740
<Pneumonia>,D011014,<Cough>,D003371
<Pneumonia>,D011014,<Fever>,D005334
<Pneumonia>,D011014,<Shortness_of_breath>,D004417
<Pneumothorax>,D011030,<Chest_pain>,D002637
<Pneumothorax>,D011030,<Shortness_of_breath>,D004417
<Pneumothorax>,D011030,<Fatigue>,D005221
<Polycystic_ovary_syndrome>,D011085,<Heavy_menstrual_bleeding>,D008595
<Polycystic_ovary_syndrome>,D011085,<Infertility>,D007246
<Polycystic_ovary_syndrome>,D011085,<Acanthosis_nigricans>,D000052
<Polycystic_ovary_syndrome>,D011085,<Acne>,D000152
<Polycystic_ovary_syndrome>,D011085,<Hirsutism>,D006628
<Polyneuropathy>,D011115,<Ataxia>,D001259
<Portal_hypertension>,D006975,<Ascites>,D001201
<Post-traumatic_stress_disorder>,D013313,<Mental_disorder>,D001523
<Posterior_reversible_encephalopathy_syndrome>,D054038,<Headache>,D006261
<Postpartum_bleeding>,D006473,<Tachycardia>,D013610
<Postpartum_bleeding>,D006473,<Orthostatic_hypotension>,D007024
<Postpartum_depression>,D019052,<Anxiety>,D001007
<Postpartum_depression>,D019052,<Fatigue>,D005221
<Postpartum_infections>,D011645,<Fever>,D005334
<Prader–Willi_syndrome>,D011218,<Developmental_disability>,D002658
<Prader–Willi_syndrome>,D011218,<Hypotonia>,D009123
<Pregnancy>,D011247,<Amenorrhea>,D000568
<Primary_aldosteronism>,D006929,<Headache>,D006261
<Primary_aldosteronism>,D006929,<Hypertension>,D006973
<Primary_biliary_cholangitis>,D008105,<Cholestasis>,D002779
<Primary_biliary_cholangitis>,D008105,<Itch>,D011537
<Primary_biliary_cholangitis>,D008105,<Fatigue>,D005221
<Primary_polydipsia>,D059607,<Xerostomia>,D014987
<Progeria>,,<Hair_loss>,D000505
<Progeria>,D011371,<Hair_loss>,D000505
<Progressive_supranuclear_palsy>,D013494,<Dementia>,D003704
<Progressive_supranuclear_palsy>,D013494,<Hypokinesia>,D018476
<Progressive_supranuclear_palsy>,D013494,<Ophthalmoparesis>,D009886
<Prostate_cancer>,D011471,<Pelvic_pain>,D017699
<Protein_S_deficiency>,D018455,<Purpura_fulminans>,D011695
<Pulmonary_embolism>,D011655,<Chest_pain>,D002637
<Pulmonary_embolism>,D011655,<Hemoptysis>,D006469
<Pulmonary_embolism>,D011655,<Shortness_of_breath>,D004417
<Pulmonary_heart_disease>,D011660,<Cyanosis>,D003490
<Pulmonary_hypertension>,D006976,<Chest_pain>,D002637
<Pulmonary_hypertension>,D006976,<Fatigue>,D005221
<Pulmonary_valve_stenosis>,D011666,<Dizziness>,D004244
<Pulmonary_valve_stenosis>,D011666,<Cyanosis>,D003490
<Pulmonary_venoocclusive_disease>,C14.907.690,<Fatigue>,D005221
<Pure_autonomic_failure>,D001342,<Orthostatic_hypotension>,D007024
<Pyelonephritis>,D011704,<Nausea>,D009325
<Pyelonephritis>,D011704,<Fever>,D005334
<Pyelonephritis>,D011704,<Dysuria>,D053159
<Pyruvate_carboxylase_deficiency>,D015324,<Liver_failure>,D017093
<Pyruvate_carboxylase_deficiency>,D015324,<Lactic_acidosis>,D000140
<Rabies>,D011818,<Confusion>,D003221
<Rabies>,D011818,<Hypersalivation>,D012798
<Rabies>,D011818,<Paralysis>,D010243
<Rabies>,D011818,<Hallucination>,D006212
<Rabies>,D011818,<Insomnia>,D007319
<Rabies>,D011818,<Coma>,D003128
<Rabies>,D011818,<Fever>,D005334
<Reactive_hypoglycemia>,D007003,<Hypoglycemia>,D007003
<Renal_papillary_necrosis>,D007681,<Back_pain>,D001416
<Respiratory_alkalosis>,D000472,<Tetany>,D013746
<Reye_syndrome>,D012202,<Confusion>,D003221
<Reye_syndrome>,D012202,<Vomiting>,D014839
<Reye_syndrome>,D012202,<Seizure>,D012640
<Rhabdomyolysis>,D012206,<Confusion>,D003221
<Rhabdomyolysis>,D012206,<Vomiting>,D014839
<Rhabdomyolysis>,D012206,<Arrhythmia>,D001145
<Rhabdomyolysis>,D012206,<Muscle_weakness>,D018908
<Rhabdomyolysis>,D012206,<Myalgia>,D063806
<Rheumatic_fever>,D012213,<Chorea>,D002819
<Rheumatic_fever>,D012213,<Arthralgia>,D018771
<Rheumatic_fever>,D012213,<Fever>,D005334
<Rift_Valley_fever>,D012295,<Myalgia>,D063806
<Rift_Valley_fever>,D012295,<Headache>,D006261
<Rift_Valley_fever>,D012295,<Fever>,D005334
<Rocky_Mountain_spotted_fever>,D012373,<Rash>,D005076
<Rocky_Mountain_spotted_fever>,D012373,<Headache>,D006261
<Rocky_Mountain_spotted_fever>,D012373,<Fever>,D005334
<Romano–Ward_syndrome>,D029597,<Seizure>,D012640
<Rosacea>,D012393,<Telangiectasia>,D013684
<Rosacea>,D012393,<Erythema>,D004890
<Rosacea>,D012393,<Edema>,D004487
<Rotaviral_gastroenteritis>,D012400,<Vomiting>,D014839
<Rotaviral_gastroenteritis>,D012400,<Abdominal_pain>,D015746
<Rotaviral_gastroenteritis>,D012400,<Diarrhea>,D003967
<Rotaviral_gastroenteritis>,D012400,<Fever>,D005334
<Rotor_syndrome>,D006933,<Jaundice>,D007565
<Rubella>,D012409,<Lymphadenopathy>,D008206
<Rubella>,D012409,<Fever>,D005334
<Sanfilippo_syndrome>,D009084,<Dementia>,D003704
<Scabies>,D012532,<Itch>,D011537
<Scheuermann's_disease>,D012544,<Chronic_pain>,D059350
<Schistosomiasis>,D012552,<Abdominal_pain>,D015746
<Schistosomiasis>,D012552,<Diarrhea>,D003967
<Schistosomiasis>,D012552,<Hematuria>,D006417
<Schizoaffective_disorder>,D011618,<Delusion>,D003702
<Schizoaffective_disorder>,D011618,<Depression_(mood)>,D003863
<Schizoaffective_disorder>,D011618,<Mania>,D001714
<Schizoaffective_disorder>,D011618,<Hallucination>,D006212
<Sciatica>,D012585,<Pain>,D010146
<Scintillating_scotoma>,D012607,<Dizziness>,D004244
<Scintillating_scotoma>,D012607,<Nausea>,D009325
<Scleritis>,D015423,<Photophobia>,D020795
<Scurvy>,D012614,<Periodontal_disease>,D010518
<Sepsis>,,<Anuria>,D001002
<Sepsis>,D018805,<Anuria>,D001002
<Sepsis>,,<Confusion>,D003221
<Sepsis>,D018805,<Confusion>,D003221
<Sepsis>,,<Tachycardia>,D013610
<Sepsis>,D018805,<Tachycardia>,D013610
<Sepsis>,,<Pain>,D010146
<Sepsis>,D018805,<Pain>,D010146
<Sepsis>,,<Hypotension>,D007022
<Sepsis>,D018805,<Hypotension>,D007022
<Sepsis>,,<Hyperventilation>,D006985
<Sepsis>,D018805,<Hyperventilation>,D006985
<Sepsis>,,<Fever>,D005334
<Sepsis>,D018805,<Fever>,D005334
<Sepsis>,,<Oliguria>,D009846
<Sepsis>,D018805,<Oliguria>,D009846
<Serum_sickness>,D012713,<Rash>,D005076
<Serum_sickness>,D012713,<Arthralgia>,D018771
<Serum_sickness>,D012713,<Lymphadenopathy>,D008206
<Serum_sickness>,D012713,<Fever>,D005334
<Shigellosis>,D004405,<Abdominal_pain>,D015746
<Shigellosis>,D004405,<Diarrhea>,D003967
<Shigellosis>,D004405,<Fever>,D005334
<Short_bowel_syndrome>,D012778,<Malnutrition>,D044342
<Short_bowel_syndrome>,D012778,<Diarrhea>,D003967
<Sinusitis>,D012852,<Pain>,D010146
<Sinusitis>,D012852,<Fever>,D005334
<Skin_cancer>,D012878,<Telangiectasia>,D013684
<Skin_cancer>,D012878,<Melanocytic_nevus>,D009508
<Sleep_apnea>,D012891,<Apnea>,D001049
<Sleep_apnea>,D012891,<Snoring>,D012913
<Small_intestine_cancer>,D007414,<Hematochezia>,D006471
<Snakebite>,D012909,<Edema>,D004487
<Somatization_disorder>,D013001,<Weakness>,D018908
<Somatization_disorder>,D013001,<Headache>,D006261
<Somatization_disorder>,D013001,<Fatigue>,D005221
<Spinal_muscular_atrophies>,D009134,<Muscle_atrophy>,D009133
<Spinocerebellar_ataxia_type_1>,D020754,<Ataxia>,D001259
<Spinocerebellar_ataxia_type_1>,D020754,<Dysarthria>,D004401
<Spinocerebellar_ataxia_type_1>,D020754,<Dysphagia>,D003680
<Sprain>,D013180,<Pain>,D010146
<Sprain>,D013180,<Bruise>,D003288
<Sprain>,D013180,<Edema>,D004487
<Stevens–Johnson_syndrome>,D013262,<Blister>,D001768
<Stevens–Johnson_syndrome>,D013262,<Fever>,D005334
<Stillbirth>,D050497,<Pregnancy>,D011247
<Stomach_cancer>,D013274,<Nausea>,D009325
<Stomach_cancer>,D013274,<Jaundice>,D007565
<Stomach_cancer>,D013274,<Abdominal_pain>,D015746
<Stomach_cancer>,D013274,<Anorexia_(symptom)>,D000855
<Stomach_cancer>,D013274,<Heartburn>,D006356
<Stomach_cancer>,D013274,<Dysphagia>,D003680
<Stroke>,D020521,<Dizziness>,D004244
<Stroke>,D020521,<Expressive_aphasia>,D001039
<Stroke>,D020521,<Receptive_aphasia>,D001041
<Stroke>,D020521,<Hemiparesis>,D006429
<Strongyloidiasis>,D013322,<Rash>,D005076
<Strongyloidiasis>,D013322,<Abdominal_pain>,D015746
<Strongyloidiasis>,D013322,<Diarrhea>,D003967
<Subacute_bacterial_endocarditis>,D004698,<Weakness>,D018908
<Subarachnoid_hemorrhage>,D013345,<Vomiting>,D014839
<Sulfhemoglobinemia>,D013436,<Constipation>,D003248
<Sulfhemoglobinemia>,D013436,<Urinary_tract_infection>,D014552
<Sulfhemoglobinemia>,D013436,<Cyanosis>,D003490
<Supraventricular_tachycardia>,D013617,<Chest_pain>,D002637
<Supraventricular_tachycardia>,D013617,<Shortness_of_breath>,D004417
<Sweating_sickness>,D018614,<Weakness>,D018908
<Sweating_sickness>,D018614,<Pain>,D010146
<Sweating_sickness>,D018614,<Chills>,D023341
<Sympathetic_ophthalmia>,D009879,<Photophobia>,D020795
<Syndrome_of_inappropriate_antidiuretic_hormone_secretion>,D007177,<Vomiting>,D014839
<Syndrome_of_inappropriate_antidiuretic_hormone_secretion>,D007177,<Nausea>,D009325
<Syndrome_of_inappropriate_antidiuretic_hormone_secretion>,D007177,<Seizure>,D012640
<Syndrome_of_inappropriate_antidiuretic_hormone_secretion>,D007177,<Abdominal_pain>,D015746
<Syndrome_of_inappropriate_antidiuretic_hormone_secretion>,D007177,<Coma>,D003128
<Syndrome_of_inappropriate_antidiuretic_hormone_secretion>,D007177,<Anorexia_(symptom)>,D000855
<Syphilis>,D013587,<Ulcer_(dermatology)>,D012883
<T-cell_lymphoma>,D016399,<Rash>,D005076
<T-cell_lymphoma>,D016399,<Fever>,D005334
<Taeniasis>,D013622,<Abdominal_pain>,D015746
<Tay–Sachs_disease>,D013661,<Paralysis>,D010243
<Tay–Sachs_disease>,D013661,<Hearing_loss>,D034381
<Tay–Sachs_disease>,D013661,<Seizure>,D012640
<Tendinopathy>,D052256,<Pain>,D010146
<Testicular_cancer>,D013736,<Edema>,D004487
<Tetanus>,D013742,<Spasm>,D013035
<Tetanus>,D013742,<Perspiration>,D013546
<Tetanus>,D013742,<Seizure>,D012640
<Tetanus>,D013742,<Headache>,D006261
<Tetanus>,D013742,<Fever>,D005334
<Thalassemia>,,<Jaundice>,D007565
<Thalassemia>,D013789,<Jaundice>,D007565
<Thalassemia>,,<Splenomegaly>,D013163
<Thalassemia>,D013789,<Splenomegaly>,D013163
<Thalassemia>,,<Pallor>,D010167
<Thalassemia>,D013789,<Pallor>,D010167
<Thalassemia>,,<Fatigue>,D005221
<Thalassemia>,D013789,<Fatigue>,D005221
<Thiamine_deficiency>,D001602,<Pain>,D010146
<Thiamine_deficiency>,D001602,<Edema>,D004487
<Thiamine_deficiency>,D001602,<Shortness_of_breath>,D004417
<Thoracic_outlet_syndrome>,D013901,<Cyanosis>,D003490
<Thoracic_outlet_syndrome>,D013901,<Edema>,D004487
<Tonsillitis>,D014069,<Sore_throat>,D010612
<Tonsillitis>,D014069,<Lymphadenopathy>,D008206
<Tonsillitis>,D014069,<Fever>,D005334
<Toxic_megacolon>,D008532,<Fever>,D005334
<Toxic_shock_syndrome>,D012772,<Rash>,D005076
<Toxic_shock_syndrome>,D012772,<Hypotension>,D007022
<Toxic_shock_syndrome>,D012772,<Fever>,D005334
<Toxoplasmosis>,D014123,<Pregnancy>,D011247
<Transmissible_spongiform_encephalopathy>,D017096,<Dementia>,D003704
<Transmissible_spongiform_encephalopathy>,D017096,<Insomnia>,D007319
<Trench_fever>,D014205,<Fever>,D005334
<Trichinosis>,D014235,<Conjunctivitis>,D003231
<Trichinosis>,D014235,<Vomiting>,D014839
<Trichinosis>,D014235,<Rash>,D005076
<Trichinosis>,D014235,<Abdominal_pain>,D015746
<Trichinosis>,D014235,<Myalgia>,D063806
<Trichinosis>,D014235,<Diarrhea>,D003967
<Trichinosis>,D014235,<Fever>,D005334
<Trichinosis>,D014235,<Edema>,D004487
<Trichomoniasis>,D014246,<Vaginal_discharge>,D019522
<Trichuriasis>,D014257,<Abdominal_pain>,D015746
<Trichuriasis>,D014257,<Diarrhea>,D003967
<Tricuspid_regurgitation>,D014262,<Ascites>,D001201
<Trilogy_of_Fallot>,D014286,<Cyanosis>,D003490
<Tropical_sprue>,D013182,<Diarrhea>,D003967
<Tuberculosis>,D014376,<Hemoptysis>,D006469
<Tuberculosis>,D014376,<Fever>,D005334
<Tuberculous_meningitis>,D014390,<Fever>,D005334
<Tularemia>,D014406,<Lymphadenopathy>,D008206
<Tularemia>,D014406,<Ulcer_(dermatology)>,D012883
<Tularemia>,D014406,<Fever>,D005334
<Type_1_diabetes>,D003922,<Weakness>,D018908
<Type_1_diabetes>,D003922,<Polyphagia>,D006963
<Type_1_diabetes>,D003922,<Polyuria>,D011141
<Type_1_diabetes>,D003922,<Fatigue>,D005221
<Type_2_diabetes>,D003924,<Polyphagia>,D006963
<Type_2_diabetes>,D003924,<Polyuria>,D011141
<Typhoid_fever>,D014435,<Constipation>,D003248
<Typhoid_fever>,D014435,<Headache>,D006261
<Typhoid_fever>,D014435,<Diarrhea>,D003967
<Ulcerative_colitis>,D003093,<Anemia>,D000740
<Ulcerative_colitis>,D003093,<Abdominal_pain>,D015746
<Ulcerative_colitis>,D003093,<Diarrhea>,D003967
<Ulcerative_colitis>,D003093,<Fever>,D005334
<Ulcerative_colitis>,D003093,<Fatigue>,D005221
<Upper_gastrointestinal_bleeding>,D006471,<Hematochezia>,D006471
<Urethral_cancer>,D014523,<Hematuria>,D006417
<Urinary_retention>,D016055,<Urinary_tract_infection>,D014552
<Urinary_retention>,D016055,<Urinary_incontinence>,D014549
<Uterine_prolapse>,D014596,<Constipation>,D003248
<Uterine_prolapse>,D014596,<Urinary_incontinence>,D014549
<Uveitis>,D014605,<Photophobia>,D020795
<Vaginal_yeast_infection>,D002181,<Vaginal_discharge>,D019522
<Vaginal_yeast_infection>,D002181,<Dysuria>,D053159
<Vaginitis>,D014627,<Vaginal_discharge>,D019522
<Vaginitis>,D014627,<Itch>,D011537
<Vasculitis>,D014657,<Purpura>,D011693
<Vasculitis>,D014657,<Myalgia>,D063806
<Vasculitis>,D014657,<Fever>,D005334
<Ventricular_fibrillation>,D014693,<Cardiac_arrest>,D006323
<Vertebral_artery_dissection>,D020217,<Aphasia>,D001037
<Vertebral_artery_dissection>,D020217,<Ataxia>,D001259
<Vertebral_artery_dissection>,D020217,<Headache>,D006261
<Vertebral_artery_dissection>,D020217,<Dysphagia>,D003680
<Vertigo>,D014717,<Vomiting>,D014839
<Vestibular_schwannoma>,D009464,<Tinnitus>,D014012
<Vitamin_K_deficiency>,D014813,<Bruise>,D003288
<Vitamin_K_deficiency>,D014813,<Petechia>,D011693
<Volvulus>,D045822,<Constipation>,D003248
<Volvulus>,D045822,<Abdominal_pain>,D015746
<Vomiting>,D014839,<Nausea>,D009325
<West_Nile_fever>,D014901,<Vomiting>,D014839
<West_Nile_fever>,D014901,<Diarrhea>,D003967
<West_Nile_fever>,D014901,<Fever>,D005334
<Williams_syndrome>,,<Intellectual_disability>,D008607
<Williams_syndrome>,D018980,<Intellectual_disability>,D008607
<X-linked_lymphoproliferative_disease>,D008232,<Vasculitis>,D014657
<X-linked_lymphoproliferative_disease>,D008232,<Gastritis>,D005756
<X-linked_lymphoproliferative_disease>,D008232,<Aplastic_anemia>,D000741
<X-linked_lymphoproliferative_disease>,D008232,<Non-Hodgkin_lymphoma>,D008228
<X-linked_lymphoproliferative_disease>,D008232,<Dysgammaglobulinemia>,D004406
<XYY_syndrome>,D014997,<Intellectual_disability>,D008607
<XYY_syndrome>,D014997,<Acne>,D000152
<Xeroderma_pigmentosum>,D014983,<Freckle>,D008548
<Xeroderma_pigmentosum>,D014983,<Sunburn>,D013471
<Yellow_fever>,D015004,<Jaundice>,D007565
<Yellow_fever>,D015004,<Chills>,D023341
<Yellow_fever>,D015004,<Myalgia>,D063806
<Yellow_fever>,D015004,<Headache>,D006261
<Yellow_fever>,D015004,<Fever>,D005334
